b_cell,cd8_t_cell,cd4_t_cell,nk_cell,monocyte,time_from_treatment_start
0.5485408675112389,0.5139556861462278,0.7964495929763914,0.8853281081905569,0.21138928177193006,0
0.14386477481769383,0.637658094967041,0.02970607205457185,0.13775265937433018,0.48413674295382414,7
0.014414435042203693,0.7407366897157915,0.07547067704462711,0.3147007071269343,0.6471033071525258,14
