b_cell,cd8_t_cell,cd4_t_cell,nk_cell,monocyte,time_from_treatment_start
0.8088791339406572,0.8088791339406572,0.8533388496175622,0.8853281081905569,0.5284732044298251,0
0.4315943244530815,0.8088791339406572,0.2227955404092889,0.4315943244530815,0.8088791339406572,7
0.2162165256330554,0.8533388496175622,0.3773533852231355,0.674358658129145,0.8088791339406572,14
